Attendance,Previous_Grade,Study_Hours,Grade
76,72,7,78.99
89,73,6,72.1
98,94,6,82.8
84,68,7,78.39
80,54,0,26.92
77,81,0,19.44
98,93,7,79.36
90,50,3,62.04
76,72,4,60.8
95,86,7,81.33
88,57,4,74.48
92,62,9,90.28
80,57,3,65.71
80,72,5,70.41
93,92,4,72.78
90,50,6,76.0
73,94,9,87.29
77,73,6,80.95
93,84,3,64.53
72,73,4,73.7
91,66,2,57.3
90,54,3,64.03
71,69,3,64.33
93,70,2,51.33
81,89,9,87.01
99,80,4,72.71
75,95,4,67.19
71,85,6,77.97
97,60,3,59.09
90,64,3,59.48
70,68,8,81.67
81,56,5,79.83
95,77,3,59.36
91,92,1,46.69
98,54,5,76.74
81,54,1,37.03
94,79,4,73.86
86,81,5,66.07
96,57,3,50.67
96,59,2,54.24
79,87,6,82.43
97,96,1,31.26
97,81,5,78.09
85,97,3,54.82
84,77,5,74.5
99,66,3,53.09
99,80,3,67.73
84,57,3,55.5
99,89,8,90.56
88,74,6,76.38
81,58,2,56.84
92,51,2,49.28
89,64,5,78.36
94,99,5,70.13
72,52,3,52.77
74,98,8,90.93
88,85,3,52.4
76,53,8,93.45
90,63,3,64.0
78,90,1,42.45
76,90,1,33.77
87,74,4,74.54
73,99,3,50.12
94,59,6,70.93
97,70,4,67.54
83,85,5,71.97
87,61,9,94.07
95,76,3,59.43
78,89,1,41.38
95,51,9,87.64
90,62,8,80.79
71,81,9,87.81
89,80,6,78.35
97,65,3,52.38
84,81,2,55.22
97,81,9,89.13
76,83,2,50.49
81,60,8,82.13
98,59,4,62.63
77,64,2,44.45
84,66,4,69.88
72,89,1,44.79
83,67,3,66.99
86,58,9,86.39
73,74,1,45.67
87,89,1,36.04
77,63,7,76.21
73,74,0,24.54
71,99,6,72.57
99,71,4,74.63
75,79,7,77.73
91,69,0,29.99
79,70,6,84.48
73,93,4,73.08
91,81,3,69.17
98,95,6,77.9
87,98,9,90.07
95,70,1,40.25
81,84,0,29.81
71,81,0,24.89
79,79,0,24.79
99,88,4,72.93
73,98,9,91.65
83,61,6,78.3
85,90,1,42.42
84,96,9,92.86
77,67,7,80.08
83,70,3,69.18
92,62,2,46.75
97,70,9,92.11
94,57,7,78.16
99,95,1,46.39
77,89,2,49.81
90,95,2,46.34
85,56,9,86.48
82,72,0,14.95
87,93,5,78.44
84,81,1,45.23
90,60,0,26.67
93,71,1,49.76
95,71,5,69.09
94,92,3,58.84
97,74,5,78.73
97,71,8,88.97
97,77,9,89.56
82,78,9,85.39
78,62,7,84.91
98,67,0,18.1
84,51,7,79.31
82,78,8,89.29
70,70,5,77.43
94,64,9,85.18
76,76,4,74.01
78,99,5,79.71
93,80,5,69.86
70,64,8,80.5
81,72,3,62.89
77,73,1,30.16
93,93,8,85.95
80,62,1,38.75
88,71,9,89.4
86,92,8,88.76
77,86,1,35.12
72,82,7,83.7
72,52,8,91.07
70,68,9,87.53
96,72,8,84.74
74,78,9,91.83
79,79,8,87.26
76,88,1,32.4
95,93,3,61.99
78,96,6,83.61
97,74,1,48.23
76,86,0,29.24
78,96,2,46.71
77,57,3,57.0
81,91,7,83.97
71,65,5,68.54
70,57,1,49.96
85,50,8,92.21
92,93,1,33.61
92,54,4,73.41
99,52,3,58.88
93,50,6,79.37
74,53,7,83.36
72,89,4,71.64
81,84,9,92.24
77,81,4,70.77
91,91,1,30.77
96,83,7,75.47
72,92,1,35.5
70,74,9,93.95
72,59,5,69.96
74,70,7,84.48
84,95,5,79.32
83,88,3,51.29
72,76,3,65.91
70,76,5,70.0
74,51,3,54.82
95,90,7,76.29
92,97,8,94.31
83,62,0,11.63
76,58,3,59.21
96,85,3,59.61
78,71,1,46.7
84,91,5,73.48
84,75,2,46.75
95,61,6,74.54
79,66,4,63.97
97,63,3,61.21
82,63,4,69.32
88,83,7,75.34
76,69,2,42.46
86,60,6,74.44
89,65,5,71.06
98,80,0,18.72
73,55,6,77.52
99,68,6,83.0
74,86,0,21.12
92,53,8,83.45
76,96,5,70.94
82,53,1,35.88
84,69,4,67.82
80,59,3,66.36
98,73,6,81.92
73,84,7,79.14
82,75,0,18.1
76,86,4,72.93
96,87,2,41.69
88,70,0,14.21
91,89,2,40.93
97,88,5,67.9
71,70,6,84.44
79,59,7,76.95
82,87,3,63.84
99,95,2,42.22
94,53,4,67.38
90,94,8,83.8
75,69,5,73.06
97,66,8,94.1
97,56,5,77.74
81,53,1,31.14
81,78,4,61.92
89,63,8,85.94
99,52,7,76.84
99,73,6,71.08
80,86,0,21.86
95,65,3,63.26
92,53,6,74.02
97,73,6,71.2
94,83,5,65.74
76,79,7,77.88
99,67,5,78.34
70,68,9,92.61
70,80,2,46.87
94,68,3,60.53
96,98,2,51.88
99,95,0,25.12
94,68,9,85.48
89,71,4,60.07
82,73,0,22.9
78,94,0,14.69
72,61,1,31.05
76,79,3,51.92
75,87,5,74.98
77,80,7,77.48
96,85,2,43.76
78,68,0,24.63
99,97,2,57.76
74,94,2,56.17
70,85,4,70.17
88,79,3,58.04
79,98,3,69.15
81,82,8,90.78
93,67,6,81.27
84,98,3,69.91
96,77,2,50.41
91,96,5,74.25
93,60,2,54.48
78,94,5,74.39
89,82,8,89.18
86,66,5,69.44
99,55,3,64.61
86,53,4,68.25
95,69,5,71.23
89,97,2,47.33
81,96,7,81.85
99,76,3,54.55
76,64,7,76.87
71,55,9,88.72
72,96,9,87.73
86,63,2,40.74
74,60,9,88.86
86,88,6,72.11
93,58,8,84.28
86,75,3,52.04
96,65,7,80.43
86,54,2,58.09
71,59,6,71.5
71,99,2,42.56
97,52,6,78.43
91,62,9,86.6
92,92,9,85.98
74,98,5,76.99
70,79,1,38.55
70,94,2,58.96
88,55,5,69.6
99,66,3,58.3
71,94,5,72.05
90,68,0,15.14
81,91,9,90.21
95,84,0,13.5
75,95,2,51.44
92,75,7,84.86
73,54,7,79.32
92,78,3,67.13
80,86,5,65.29
93,69,7,81.42
96,98,6,76.17
86,70,6,80.73
75,59,3,64.44
93,54,8,89.8
74,85,9,92.2
89,55,5,76.0
71,75,2,46.11
75,53,4,64.96
91,88,4,62.53
80,88,4,67.0
85,99,7,84.69
85,84,8,89.83
70,50,8,88.89
78,73,5,71.27
97,85,5,72.88
96,55,8,81.49
75,90,3,67.68
85,95,5,66.72
98,93,3,62.32
72,80,0,23.81
89,69,6,77.31
97,73,9,92.02
96,74,5,79.88
73,85,8,94.93
88,70,6,76.38
95,79,6,76.38
72,73,1,48.64
88,93,8,86.01
89,91,9,89.51
76,79,8,89.57
89,71,5,69.54
78,77,2,49.91
70,56,0,26.86
77,84,3,52.61
76,77,2,50.03
87,63,0,19.63
77,59,2,40.47
70,65,3,52.3
80,65,7,76.38
97,80,8,93.29
94,91,2,47.11
94,74,5,74.52
87,62,9,90.22
92,55,4,61.5
99,93,5,73.72
79,58,3,50.96
72,94,9,90.16
76,85,5,76.78
97,92,6,83.08
85,69,8,86.35
95,67,9,91.92
85,92,6,75.93
94,70,5,69.41
89,53,0,20.63
97,99,1,35.72
86,82,0,16.05
71,76,8,91.61
70,56,9,85.48
85,55,9,92.1
99,64,8,94.58
81,67,6,75.0
74,81,1,38.54
74,60,5,76.34
96,69,3,61.34
92,73,0,19.89
78,64,0,12.64
78,97,4,65.04
72,56,1,32.04
88,70,3,54.86
85,91,0,29.12
85,75,3,64.69
72,93,5,70.74
89,63,9,90.82
93,86,3,63.72
91,70,0,26.01
93,67,6,75.08
70,54,1,39.87
93,52,8,85.38
89,72,2,54.8
80,75,7,79.19
86,86,7,83.5
77,73,2,50.2
73,98,3,56.36
75,68,1,43.93
77,74,3,53.54
89,70,8,86.08
99,61,1,35.42
72,90,2,44.88
85,82,3,52.05
99,99,4,65.69
94,53,0,23.36
72,91,6,72.95
94,56,9,86.98
98,71,6,82.91
87,82,8,93.58
83,66,3,64.75
87,73,5,71.17
71,83,1,35.93
91,77,3,59.01
72,92,1,46.84
85,90,9,85.49
98,88,4,66.98
78,71,6,72.2
73,98,0,20.76
70,66,9,86.09
73,83,9,90.25
70,55,6,83.63
83,95,9,92.58
90,55,5,75.09
85,83,5,76.76
89,50,7,84.32
93,59,7,81.01
77,70,5,75.0
76,54,2,46.7
72,51,4,67.0
86,71,1,30.21
70,97,4,63.86
85,51,8,82.39
81,59,9,88.35
96,83,0,25.84
88,65,9,88.79
91,97,4,72.75
92,88,5,78.5
91,71,6,74.25
83,61,8,80.43
99,73,5,69.28
75,96,4,65.33
75,89,6,83.49
82,87,0,19.9
88,59,4,63.44
91,84,1,42.73
77,98,3,56.47
96,81,6,81.86
96,56,4,62.64
71,70,5,78.51
90,69,1,37.88
99,75,2,57.26
70,53,6,78.73
97,95,1,35.97
84,71,5,66.96
70,64,4,64.84
74,89,9,94.34
97,70,0,16.0
98,64,9,87.13
85,71,3,67.13
88,77,1,43.15
73,63,3,61.87
72,76,0,13.21
86,90,1,46.69
86,89,7,76.43
81,77,5,74.89
97,75,1,41.17
99,98,5,73.21
98,51,9,86.04
83,74,8,93.63
90,52,6,80.04
75,57,8,92.32
72,93,4,61.01
97,82,6,74.89
78,91,6,78.61
74,84,2,50.51
93,55,6,74.39
98,88,0,22.95
86,72,8,94.59
83,74,9,88.43
90,99,5,72.42
72,92,4,60.49
97,68,6,76.03
70,54,4,69.08
89,60,9,92.46
98,61,4,69.29
90,59,9,91.26
92,57,6,81.47
70,73,9,89.16
72,77,6,73.66
87,90,2,50.57
94,85,2,59.23
79,86,9,94.65
91,70,2,46.42
95,57,5,69.66
72,58,5,72.56
77,96,2,49.59
83,64,2,56.23
93,97,7,84.01
87,95,7,76.74
84,89,6,82.58
91,67,9,92.35
92,91,3,60.36
71,69,3,64.87
96,55,2,55.18
79,61,4,67.94
71,51,2,45.32
95,56,7,78.53
86,65,6,75.64
77,52,2,43.02
70,94,8,80.87
78,52,4,71.43
80,76,8,82.34
91,99,6,77.98
85,92,6,84.13
76,89,5,67.43
98,87,1,30.62
79,82,8,81.58
92,77,5,70.54
95,50,7,78.76
72,57,0,28.59
87,86,4,60.59
94,81,0,13.07
93,97,9,85.62
82,92,7,79.47
97,86,7,82.9
95,53,0,13.6
76,79,8,90.25
94,55,1,39.23
73,95,8,89.09
82,68,0,18.67
89,81,9,92.45
70,58,8,85.39
77,61,3,66.31
83,60,8,80.86
85,95,6,80.22
83,65,5,66.48
81,50,4,74.04
88,94,8,89.59
92,70,1,39.26
84,79,1,40.88
97,62,8,88.55
71,83,2,54.01
71,53,7,83.02
92,77,8,81.69
91,87,7,82.2
88,80,3,63.72
94,76,0,26.14
95,54,3,58.8
99,74,8,93.63
98,52,1,43.42
91,82,2,45.15
95,53,9,85.24
95,74,7,75.22
91,69,5,73.58
86,83,7,80.65
89,75,6,79.68
79,54,4,61.43
75,84,8,82.98
84,77,3,57.59
91,78,5,66.44
80,58,1,30.39
97,87,1,40.04
74,99,1,41.77
70,55,9,91.5
77,68,6,80.67
90,93,1,36.87
97,60,1,43.37
81,51,8,91.15
81,96,6,83.77
74,93,2,58.45
76,93,2,42.58
73,58,6,73.73
75,70,4,70.11
82,73,9,87.1
89,83,5,67.41
99,71,7,82.47
84,52,8,93.28
72,61,0,15.88
92,77,2,46.37
77,79,6,79.2
89,75,5,66.28
85,97,6,76.01
82,70,7,79.45
87,77,5,70.72
97,75,2,41.1
79,82,1,34.56
99,70,6,70.18
88,84,0,15.08
86,83,2,54.07
93,90,3,65.43
88,96,0,22.4
97,67,4,62.0
95,60,9,91.96
92,72,2,57.83
95,97,1,36.35
74,71,2,52.72
95,66,7,84.45
90,54,5,77.63
99,93,6,71.88
92,60,5,78.6
78,79,5,66.08
81,64,2,58.76
90,76,7,83.24
70,84,6,74.87
95,82,6,78.47
95,69,5,74.52
70,65,4,73.2
84,83,9,88.1
71,51,7,81.38
99,84,4,67.66
91,89,8,88.69
85,77,8,83.7
94,96,0,20.71
77,88,5,75.27
82,55,6,83.22
90,58,2,42.57
70,69,6,81.87
85,50,6,78.3
98,57,1,49.26
76,72,6,71.11
74,52,0,11.2
91,53,4,61.23
98,74,8,84.64
92,96,6,74.29
72,87,6,75.5
81,64,1,36.96
95,70,7,75.62
85,84,2,41.75
88,95,7,81.52
74,63,2,56.77
91,85,9,93.73
94,61,6,79.33
98,66,1,36.93
83,88,3,60.36
97,58,5,73.01
74,84,8,93.29
84,62,4,69.25
86,64,8,84.47
99,67,4,60.14
83,82,9,88.37
99,55,7,84.12
89,76,0,11.63
74,72,6,70.97
81,76,3,64.09
85,83,4,71.64
95,95,5,75.0
95,87,4,69.76
85,63,0,22.86
90,85,8,91.19
76,57,1,41.91
73,84,8,94.85
70,68,9,91.2
99,79,1,49.42
99,63,8,95.0
74,69,5,68.51
92,98,8,88.0
95,74,5,72.34
79,89,5,70.86
91,73,1,49.66
74,63,7,78.79
73,75,2,57.11
71,87,6,77.95
89,72,4,63.19
79,71,2,56.62
95,97,0,19.3
88,68,7,83.38
95,95,2,55.98
70,52,1,41.59
93,91,0,29.42
74,68,3,67.81
82,58,7,78.13
73,77,2,47.24
85,69,0,23.57
93,94,3,68.32
85,56,8,92.4
92,63,0,10.2
71,58,1,30.02
86,68,8,94.85
97,96,1,48.01
96,63,2,44.35
89,87,6,83.52
93,85,2,58.58
81,89,8,85.62
87,66,5,66.35
72,79,2,46.14
97,58,8,83.79
70,82,0,19.62
70,74,9,87.86
98,63,2,47.97
88,60,0,18.29
80,84,1,41.4
74,90,7,80.7
81,63,6,80.58
72,79,1,37.32
70,90,1,46.58
70,53,8,81.71
77,53,5,74.38
79,77,4,65.62
80,57,9,94.17
81,51,5,72.43
98,90,8,82.11
82,95,6,81.96
81,71,9,92.81
83,90,9,87.43
71,65,8,92.8
98,78,3,55.55
88,98,1,38.0
87,97,7,81.48
72,79,3,53.76
92,61,8,88.83
86,84,3,55.23
95,60,7,81.78
77,95,8,93.11
98,99,8,91.84
95,70,9,94.49
79,70,3,65.03
95,54,0,12.13
99,97,2,53.99
71,69,8,90.11
88,86,3,57.4
78,52,4,60.12
76,93,6,80.23
73,82,4,70.41
95,58,3,53.47
90,58,1,30.68
87,53,1,46.42
82,84,3,51.97
80,66,9,88.57
98,83,9,91.52
93,73,8,89.14
73,81,7,83.83
94,50,2,45.87
90,57,8,80.73
98,94,4,64.84
94,72,2,56.38
73,96,4,68.57
79,89,9,92.43
74,61,3,56.55
78,61,7,77.35
93,95,4,74.35
72,96,9,85.23
86,64,7,77.62
72,90,8,93.08
85,68,3,52.72
73,75,6,73.1
87,78,1,40.92
86,71,5,69.13
76,89,7,82.04
93,70,6,71.66
92,87,6,82.44
99,69,7,76.77
74,78,6,80.43
81,53,4,64.49
86,56,6,78.63
92,77,9,94.59
82,77,2,41.4
92,53,4,74.85
94,71,6,72.84
72,61,8,86.27
78,94,1,36.76
99,52,3,53.13
86,71,6,79.05
86,93,0,28.46
99,51,1,35.02
89,73,8,88.4
85,83,9,88.44
94,76,6,70.47
91,90,9,86.9
82,50,6,71.78
96,57,5,72.11
88,72,2,55.82
86,87,9,93.51
73,55,2,52.04
81,71,1,41.88
98,74,5,76.63
78,67,3,63.68
88,66,4,69.49
81,61,2,51.46
78,55,5,77.02
76,75,2,49.17
97,76,7,79.64
83,57,8,80.33
89,68,3,50.39
88,91,8,94.04
95,50,6,74.68
84,78,2,45.54
85,94,6,76.66
90,98,0,26.1
74,84,2,49.28
72,89,5,74.74
81,63,3,52.35
94,84,6,71.81
89,97,2,49.0
96,94,0,14.6
90,69,8,93.54
73,98,5,72.02
90,62,7,75.2
92,87,2,51.68
85,98,7,76.41
94,95,1,34.16
76,98,3,66.89
82,57,2,45.63
90,92,9,92.03
79,69,0,15.12
95,82,6,71.8
76,75,9,85.87
83,88,1,36.48
95,70,3,66.9
74,98,8,88.15
72,91,5,73.64
92,92,7,81.79
98,90,1,42.73
80,58,6,80.89
80,73,5,70.78
87,86,8,88.66
84,98,6,78.55
81,90,0,10.64
78,66,7,82.47
79,73,9,86.17
95,70,2,41.55
81,88,1,47.63
86,90,2,42.9
98,88,5,66.9
75,62,2,53.98
76,60,9,92.15
83,95,4,63.63
82,68,5,70.78
77,60,7,76.15
79,62,6,78.01
78,95,7,77.28
87,94,2,40.45
96,50,3,56.58
95,89,5,72.95
71,93,6,76.79
74,68,8,90.58
98,61,0,15.93
74,57,7,75.99
75,57,7,79.33
88,94,5,73.98
77,61,3,51.76
85,97,2,57.13
82,82,2,53.89
70,94,5,79.04
91,75,7,76.26
89,88,6,84.65
86,77,0,21.69
76,54,5,76.66
94,57,6,70.75
82,74,6,72.71
73,76,8,83.97
73,95,9,85.75
75,72,4,66.55
97,79,0,18.42
88,94,1,40.66
98,96,3,64.1
81,72,4,71.11
91,98,8,83.33
76,96,0,29.39
96,69,2,55.36
79,67,4,66.7
95,67,2,56.72
88,51,3,57.2
76,53,2,42.45
99,79,3,50.91
72,82,0,11.12
82,85,7,79.37
82,67,3,53.16
87,86,6,79.71
97,68,1,45.18
99,96,1,45.26
95,77,5,67.28
89,89,1,43.29
97,69,5,67.61
77,98,1,34.92
98,82,3,52.74
78,61,6,72.05
76,64,7,82.32
70,90,2,56.45
72,88,8,90.11
82,51,1,47.34
97,78,7,81.83
99,90,7,77.8
94,59,3,61.78
97,51,0,21.83
86,60,0,27.17
94,62,1,38.73
93,59,8,81.57
70,63,1,30.88
75,67,1,34.89
90,58,5,66.51
75,88,6,78.84
95,77,6,78.52
81,52,8,86.81
82,69,5,76.07
82,55,7,81.74
98,76,5,75.59
84,51,1,45.31
90,78,0,19.61
85,87,4,61.03
91,52,8,87.39
90,65,7,84.28
80,79,3,67.96
97,89,4,62.53
74,51,4,71.87
73,66,5,79.8
72,90,2,50.09
88,61,4,69.73
89,84,1,31.38
94,92,9,94.17
87,50,0,10.06
84,94,0,14.86
78,64,9,92.42
86,75,6,84.57
83,86,1,32.95
84,70,3,65.86
70,98,4,68.55
90,80,6,83.25
91,74,1,43.88
91,72,5,72.83
72,73,0,16.48
85,87,6,84.18
92,77,8,85.72
94,70,4,62.51
80,92,4,72.57
81,67,3,60.93
79,85,2,57.71
85,84,8,82.78
77,94,4,74.41
75,58,7,78.48
81,87,8,85.33
93,79,4,60.61
97,93,9,88.35
90,83,8,85.06
77,81,1,47.85
95,52,8,87.49
97,52,3,58.44
73,77,5,77.4
95,93,5,73.65
77,64,5,78.11
95,90,1,42.67
97,72,6,71.7
87,89,5,75.82
97,60,0,29.32
97,97,1,34.45
74,81,6,83.02
78,85,0,28.24
73,82,0,28.98
96,73,0,26.52
91,88,7,78.29
86,83,3,62.37
78,77,3,58.88
70,86,1,31.07
90,56,0,17.03
89,53,9,88.63
82,86,8,90.12
97,50,6,71.94
85,50,3,54.92
98,96,5,74.64
82,69,1,42.3
83,68,6,79.49
72,78,1,30.95
98,59,9,90.06
75,67,7,80.71
87,77,7,77.46
88,84,0,28.12
74,92,7,81.52
84,96,1,42.25
94,80,5,73.48
71,76,0,29.63
79,60,4,61.17
93,98,6,80.8
99,98,9,88.61
87,87,0,17.0
96,54,1,34.51
82,57,6,72.41
74,83,5,75.84
92,97,2,57.73
93,61,9,92.83
70,87,1,48.09
91,50,9,94.75
70,80,3,63.58
87,53,2,40.48
84,98,6,79.49
86,94,7,83.32
80,99,1,39.5
90,54,9,90.85
95,79,6,70.79
94,73,7,79.59
91,52,5,71.29
96,60,5,66.45
96,94,9,89.46
86,53,0,15.21
82,75,3,67.46
70,76,0,20.94
71,95,3,57.46
78,92,1,34.48
72,76,4,73.27
70,91,9,87.23
90,99,8,94.52
85,55,9,91.53
92,64,2,47.66
75,79,7,81.8
97,91,2,50.53
86,86,5,65.6
74,86,3,66.83
74,91,7,81.52
75,86,5,72.19
72,84,7,75.39
90,72,0,13.74
92,55,5,73.99
74,53,0,10.65
90,67,0,28.92
74,58,7,76.83
79,98,6,74.4
79,78,2,53.57
88,62,5,66.18
86,96,8,82.16
90,66,6,83.82
83,94,2,45.72
78,81,5,69.3
83,97,3,58.62
70,71,2,45.04
88,53,8,93.1
82,54,9,91.86
82,86,1,47.06
73,90,0,28.51
99,98,1,35.08
70,62,6,72.58
86,83,9,91.85
77,94,0,13.25
71,71,5,69.83
97,72,6,70.98
77,52,8,84.26
76,91,7,83.94
95,83,5,73.44
95,81,2,47.63
71,94,7,84.39
91,98,6,76.66
91,70,2,50.02
72,95,8,88.87
96,93,1,36.13
87,70,2,59.02
81,93,1,46.69
70,60,0,18.15
91,88,3,58.03
81,53,4,72.23
74,50,5,69.18
99,77,4,69.27
99,73,0,26.62
96,84,2,55.24
94,62,0,23.22
86,96,4,74.17
85,83,4,69.7
84,60,5,66.43
92,85,7,82.8
84,66,9,85.27
74,84,0,17.9
90,67,3,50.57
83,89,9,93.99
71,71,0,24.88
80,73,8,88.2
88,68,6,82.76
76,86,6,71.15
75,88,4,63.24
97,70,6,75.33
71,57,1,36.18
75,77,3,63.91
87,54,6,83.5
71,66,2,48.59
87,86,1,38.2
99,85,9,88.38
84,68,1,36.95
96,76,0,27.94
88,83,4,70.93
71,60,5,67.47
89,94,5,67.61
94,96,8,88.35
75,61,3,66.15
70,70,0,28.52
93,60,5,77.64
84,88,4,69.69
97,77,9,92.44
99,54,5,69.26
92,66,2,41.09
79,69,1,32.33
88,90,5,75.72
86,95,0,17.58
74,61,6,71.77
98,55,6,74.66
73,66,9,92.6
79,68,6,81.68
93,75,9,91.51
86,97,0,13.47
79,93,3,63.27
86,93,6,78.15
97,81,8,90.85
89,55,4,74.79
93,85,1,30.78
74,87,6,82.48
71,60,9,88.95
75,82,0,28.26
90,73,6,71.67
71,72,5,73.52
82,64,6,83.81
99,76,9,91.08
80,60,2,43.37
80,99,2,49.12
85,66,6,84.02
80,63,1,44.49
88,76,0,11.85
84,67,8,85.73
94,77,8,84.79
92,96,6,72.33
92,96,6,70.51
85,53,2,56.28
80,56,9,85.4
91,94,1,42.9
85,84,6,84.85
77,97,8,92.79
73,58,0,24.43
77,57,3,53.03
73,94,5,79.66
93,66,6,77.23
94,66,9,92.62
72,98,6,78.58
72,82,9,86.0
96,81,1,35.65
98,57,3,52.07
87,68,4,63.21
98,87,0,12.81
95,52,0,17.79
88,54,9,88.97
88,62,2,47.61
90,96,9,86.04
74,95,2,50.77
87,80,7,84.21
97,65,8,83.3
79,99,0,18.23
98,81,1,35.91
91,71,9,93.37
90,78,1,48.9
75,71,3,61.46
70,92,1,49.75
74,52,6,79.24
78,59,8,82.7
81,91,6,81.85
95,70,5,69.09
83,65,9,90.5
71,61,0,13.18
86,51,9,91.91
83,90,8,80.23
95,73,4,68.97
82,84,4,71.7
96,79,5,67.38
78,79,8,83.16
95,96,7,78.06
94,84,7,77.48
84,68,7,78.84
94,99,0,28.45
91,57,0,10.05
84,75,7,75.55
93,98,4,65.08
99,89,8,87.78
80,56,1,39.47
85,79,8,88.08
98,56,7,83.1
86,52,8,83.82
95,50,3,58.03
73,85,0,27.88
70,74,0,27.68
77,86,4,65.7
86,50,1,46.05
72,64,7,84.84
98,86,9,91.83
89,62,4,73.32
84,89,4,66.06
84,57,1,44.73
93,54,6,82.18
91,58,7,83.24
83,50,9,93.42
95,85,0,16.34
97,84,1,35.95
92,51,9,86.33
83,89,3,58.58
93,72,4,69.37
71,58,1,31.17
82,83,0,24.09
95,95,8,81.08
83,63,0,15.06
96,53,3,69.36
93,79,1,32.85
88,80,3,64.48
76,87,7,80.55
72,60,7,77.95
84,84,8,91.17
92,57,4,73.34
83,52,6,72.91
80,63,2,57.84
84,62,9,91.6
97,94,3,58.24
82,81,9,90.75
87,83,8,91.37
95,94,9,85.31
75,68,9,87.01
72,87,0,25.18
88,65,1,46.77
84,51,4,63.15
94,89,2,58.28
92,66,1,44.62
74,83,0,21.22
97,91,9,87.68
79,65,2,44.32
76,87,0,16.0
94,51,0,18.0
86,51,0,23.8
76,75,7,76.98
91,62,2,40.87
95,96,0,28.12
99,80,6,73.55
81,83,9,85.73
94,88,2,46.11
86,52,7,78.64
82,57,3,50.38
89,72,3,50.68
94,63,4,74.73
73,76,5,65.78
79,78,6,83.15
72,88,3,63.7
78,88,7,81.67
82,50,5,68.61
87,66,0,12.61
84,90,0,21.43
73,79,8,94.97
84,62,9,88.55
91,70,5,75.26
71,68,9,85.27
84,68,7,79.47
77,74,6,82.29
77,71,5,66.28
86,80,3,66.75
81,66,6,79.26
88,72,8,93.5
79,81,9,90.53
78,59,9,87.12
74,59,6,84.92
75,85,0,15.07
89,57,9,87.87
95,69,8,93.89
71,81,3,64.15
96,99,2,53.92
93,63,3,58.12
96,99,3,50.62
82,77,9,94.1
75,95,1,43.29
74,73,0,26.03
94,64,9,90.03
70,71,0,11.4
90,79,7,84.34
91,53,1,32.61
90,62,9,87.69
75,72,4,70.53
75,57,3,69.35
92,67,7,83.54
85,61,1,42.8
73,80,9,90.98
99,63,8,91.97
80,83,6,81.03
99,67,6,73.24
99,83,0,23.78
99,60,1,45.44
93,90,3,69.73
92,61,3,60.99
78,98,2,59.02
92,64,6,82.7
72,80,7,76.02
88,98,1,47.21
77,78,3,51.41
74,75,2,41.54
73,67,1,30.26
93,81,5,68.67
75,71,3,60.82
71,87,5,77.83
89,66,1,43.69
97,72,3,67.85
80,73,5,73.74
73,99,4,67.44
84,57,2,40.57
75,90,7,76.32
91,55,6,76.22
86,54,2,57.68
99,93,5,66.04
93,78,3,63.6
75,77,4,66.46
88,60,4,74.32
99,50,6,70.54
94,92,4,63.09
71,68,2,54.96
84,58,9,87.02
80,76,4,64.68
77,83,6,74.82
95,93,4,64.62
88,53,4,64.34
82,85,8,89.23
81,67,2,59.84
74,64,5,65.72
75,62,0,13.5
95,68,9,85.74
91,98,4,67.03
73,55,7,81.76
88,97,4,74.84
89,61,8,81.93
70,86,5,65.92
89,66,7,77.31
86,72,9,85.21
81,75,7,82.91
84,78,2,47.94
70,82,6,81.45
95,76,6,84.4
83,74,9,94.52
75,59,5,79.13
74,96,6,74.14
99,72,1,30.38
80,70,8,89.33
73,70,9,92.25
82,92,9,93.0
80,62,0,21.93
72,86,0,26.71
70,82,2,48.32
75,73,2,43.45
87,93,0,25.1
93,60,6,73.7
79,66,3,64.4
74,53,9,94.81
92,96,1,44.14
79,74,9,94.32
81,79,4,73.33
71,58,5,77.75
82,70,8,80.84
77,69,3,51.7
71,68,1,42.71
89,68,4,64.92
70,61,2,42.32
74,86,1,32.97
78,91,0,25.06
86,66,9,92.37
78,86,1,45.32
80,97,5,77.67
84,88,7,80.91
93,77,2,51.57
75,90,8,93.28
92,84,8,87.23
72,96,1,31.37
99,97,7,77.3
86,67,9,91.94
74,63,4,66.34
99,84,3,52.13
97,93,9,88.37
81,90,4,70.04
87,56,3,52.55
83,90,7,79.79
90,62,3,68.09
93,67,9,86.04
80,86,5,78.86
78,62,1,46.53
71,85,4,60.26
81,80,5,72.58
72,51,4,72.3
72,65,1,35.24
70,58,6,78.45
77,58,3,60.52
91,87,7,79.06
97,60,6,82.18
98,71,6,81.2
77,82,8,90.46
80,85,0,20.36
78,94,9,90.74
74,72,5,68.71
83,94,5,71.02
97,94,5,75.78
99,83,5,78.14
72,58,9,90.76
90,73,6,78.4
74,57,9,94.52
74,56,5,71.53
88,85,0,27.81
96,67,2,47.29
83,52,1,43.78
95,77,5,73.03
99,55,7,83.73
73,93,2,41.61
94,93,9,89.43
82,70,7,75.32
79,77,7,83.96
94,89,4,73.2
87,50,7,81.52
77,85,5,78.98
77,70,4,72.86
76,92,8,80.78
77,84,6,79.47
83,62,7,82.38
88,98,0,21.76
98,59,1,48.47
75,93,7,75.03
70,96,8,88.01
92,59,3,65.83
84,95,9,91.91
70,62,9,90.75
94,86,8,84.52
86,87,3,52.31
70,73,9,86.77
84,51,9,90.92
92,71,9,90.4
71,66,8,84.27
83,85,6,73.63
90,63,1,36.8
77,59,8,85.84
77,84,3,68.55
88,74,7,81.28
76,52,6,76.49
88,96,6,73.83
75,87,7,80.88
75,66,0,28.35
72,61,4,65.63
76,73,1,40.06
88,78,1,39.26
77,92,0,20.93
79,74,4,66.93
89,85,1,33.15
84,75,3,66.42
84,87,2,57.74
98,50,2,43.97
70,69,1,41.81
89,77,5,66.61
99,65,1,44.86
76,96,7,80.37
96,66,7,82.86
73,89,4,60.19
98,77,9,89.94
75,61,6,83.27
94,76,3,54.5
70,91,0,20.12
98,96,1,48.34
74,79,9,90.13
96,90,9,86.64
92,83,3,67.48
70,86,0,14.45
99,55,7,80.56
73,56,8,80.01
91,81,3,55.27
71,81,9,89.63
79,74,2,54.97
74,82,1,47.02
96,56,4,65.99
79,61,2,45.64
70,65,9,91.06
91,65,6,71.69
75,92,5,77.93
82,85,0,20.9
84,62,7,83.57
73,56,1,40.2
82,85,4,66.91
93,96,8,87.0
89,58,7,77.33
93,81,1,44.38
84,60,8,87.3
98,57,4,73.6
77,82,9,89.89
74,72,5,67.39
98,74,2,56.26
84,57,2,42.37
73,94,9,89.89
81,71,7,83.06
82,53,9,85.78
71,89,9,86.91
96,52,1,46.02
88,78,1,39.87
88,90,4,73.41
73,78,5,72.26
73,83,1,32.31
95,83,4,74.49
80,77,6,80.2
96,62,9,88.21
74,64,9,89.19
89,72,7,76.79
80,93,6,73.9
99,75,7,83.13
79,53,8,92.95
77,75,4,73.28
75,89,4,60.12
75,58,9,90.94
77,54,3,54.11
92,81,8,86.73
84,69,4,69.62
95,99,1,38.76
83,60,9,93.63
80,64,7,84.4
81,81,6,77.13
95,77,7,78.36
82,71,2,55.12
77,90,3,55.28
99,66,4,61.02
87,75,5,68.28
94,93,0,12.81
70,56,3,68.2
84,91,9,86.59
77,75,4,64.09
97,74,6,74.49
80,59,4,68.67
81,94,0,27.39
81,68,6,74.85
73,60,7,80.3
85,62,6,73.91
73,57,3,68.31
74,89,7,81.58
93,53,4,70.51
74,96,9,85.15
77,80,8,85.45
79,77,9,89.49
86,60,4,69.82
97,92,0,23.52
95,50,8,94.92
78,98,4,60.74
91,96,5,74.04
88,87,3,56.58
98,73,5,73.38
83,96,7,75.79
77,80,2,41.96
78,90,4,61.55
91,95,1,46.85
80,99,1,41.93
92,75,6,81.29
70,98,9,89.32
83,99,9,90.52
74,54,9,93.33
90,69,5,70.7
95,90,3,64.11
83,60,4,61.93
73,82,0,29.87
91,99,6,75.49
92,87,7,79.94
94,76,8,88.57
70,83,7,78.61
91,64,4,61.37
92,81,2,48.94
88,70,9,93.02
77,95,8,87.09
84,54,5,77.95
90,55,4,62.67
84,87,2,54.68
78,71,5,74.9
90,67,2,43.46
78,63,9,86.0
79,59,5,75.82
89,95,3,63.51
94,62,1,44.49
90,80,7,83.72
95,79,3,66.13
78,52,8,87.44
72,79,6,80.9
89,55,1,33.71
94,78,3,55.93
95,57,4,70.33
80,93,2,45.71
75,94,8,92.14
71,92,4,72.46
76,93,1,49.29
87,82,2,57.3
96,66,8,85.11
71,97,6,76.84
96,60,1,38.08
86,62,8,85.84
80,99,3,60.2
96,60,8,91.34
81,80,1,43.07
96,77,9,94.34
88,93,3,63.35
91,55,4,66.13
93,90,1,30.38
94,65,9,86.1
76,53,0,11.84
89,84,6,78.21
75,97,9,91.35
90,75,0,14.81
93,61,7,83.77
70,60,2,57.7
86,86,9,91.72
98,74,5,67.26
80,67,6,78.15
91,68,9,91.8
95,72,0,27.54
97,87,5,78.25
87,67,6,84.64
90,75,5,67.51
86,55,3,50.53
76,53,0,17.91
86,93,8,81.09
89,78,3,57.53
78,83,6,75.51
86,66,6,73.12
89,92,1,32.55
91,92,0,19.33
91,65,7,82.01
97,51,7,81.56
98,83,6,83.68
77,57,7,82.34
86,62,2,40.9
76,91,1,45.64
70,57,6,72.62
82,79,7,78.66
99,81,0,27.21
92,85,9,87.65
88,96,8,92.98
96,79,3,63.92
93,50,3,55.05
88,92,2,43.36
99,88,5,68.34
99,66,0,20.44
98,69,5,66.92
86,73,1,49.36
82,99,8,86.45
98,71,1,36.4
99,78,6,82.52
85,71,0,13.87
77,93,6,72.25
88,58,4,70.39
87,86,7,79.05
70,59,3,69.15
83,85,9,88.3
88,86,6,79.88
84,77,5,71.61
87,77,4,63.0
71,91,3,50.6
91,92,6,72.26
97,70,4,74.6
86,73,4,65.25
87,91,0,27.84
99,89,1,30.74
75,51,4,72.69
88,57,2,42.35
73,97,1,37.22
70,76,3,69.16
77,71,3,54.34
98,86,3,50.98
92,76,3,55.85
76,78,2,43.59
72,52,6,83.85
79,93,8,88.72
79,62,4,74.18
88,94,3,65.73
83,59,1,30.35
71,85,1,33.85
97,58,4,72.97
70,76,6,78.48
92,83,9,90.49
92,50,9,87.0
97,81,8,91.36
87,74,6,74.94
76,78,4,61.01
98,56,9,85.2
77,98,9,90.62
70,52,9,89.65
94,69,5,78.32
92,69,2,59.4
72,79,4,69.75
93,84,7,80.54
92,84,0,10.62
96,98,0,27.91
98,88,6,72.1
77,76,4,61.8
91,75,4,60.08
94,63,0,11.01
84,66,8,83.99
74,67,0,23.32
72,94,4,60.78
88,78,9,91.57
70,69,8,93.35
97,76,3,65.05
84,67,7,84.38
77,53,5,68.79
71,50,2,51.03
72,99,3,54.18
93,50,1,45.05
83,75,0,11.43
93,94,7,82.24
83,69,0,24.12
80,72,0,10.68
85,59,3,53.94
73,60,9,86.47
89,90,9,93.41
74,90,5,70.61
91,54,8,94.69
90,50,0,26.85
83,66,6,75.57
92,71,9,86.46
85,83,4,73.74
87,94,7,80.51
76,90,6,80.58
79,78,3,62.85
76,53,3,59.16
70,54,5,77.69
92,60,5,74.27
90,70,8,87.41
88,84,4,73.63
85,61,7,82.7
98,75,4,63.39
88,68,1,48.74
73,94,5,76.27
98,56,8,94.05
97,96,2,49.36
87,56,0,19.32
71,75,0,11.87
70,89,2,59.69
84,54,9,93.91
74,70,4,68.21
89,63,2,51.14
80,53,8,80.02
79,72,7,78.71
71,91,2,53.22
72,69,8,93.41
92,64,5,68.21
92,99,6,75.77
81,94,3,65.85
89,78,3,50.48
74,57,1,31.75
74,90,4,74.33
75,97,7,82.3
99,68,6,73.69
78,97,6,78.66
71,88,5,75.75
90,95,2,46.66
81,77,4,67.45
72,95,0,24.14
89,76,6,76.27
95,53,8,84.67
91,64,0,19.79
81,84,1,41.16
93,86,2,47.64
86,50,2,51.89
79,52,7,79.11
99,96,6,72.49
93,73,5,68.41
96,76,9,89.5
83,89,9,90.5
92,85,3,62.21
86,83,8,84.67
87,78,0,13.82
88,73,1,35.08
86,73,3,64.61
83,91,2,41.4
78,53,0,10.31
77,52,4,65.9
71,83,6,72.31
82,98,1,32.78
94,72,4,67.25
76,72,5,79.81
78,94,6,80.61
91,54,0,18.36
91,80,6,84.62
80,90,3,69.87
83,55,7,77.8
73,86,3,63.58
95,59,5,73.4
95,89,8,83.42
98,56,4,71.85
82,88,3,54.64
71,87,7,81.1
92,70,8,84.76
74,69,3,52.16
80,52,2,45.12
75,71,7,81.87
87,96,4,67.16
90,53,1,34.38
79,77,9,93.97
73,61,8,83.2
78,87,2,43.94
75,85,1,41.56
71,96,0,11.71
86,90,7,79.59
74,54,2,40.32
94,62,6,73.5
75,72,0,11.88
95,99,0,15.35
81,79,8,93.59
92,86,7,80.66
90,74,2,50.74
79,97,5,75.43
91,76,2,51.22
90,63,3,62.82
96,97,0,22.61
94,96,4,71.75
75,85,0,20.6
96,88,0,11.38
77,65,9,88.0
71,71,6,81.6
81,70,5,66.78
82,70,1,31.3
94,57,1,38.68
90,98,6,71.31
76,65,0,29.37
79,80,1,32.7
82,91,7,81.94
86,59,5,68.76
95,81,1,35.45
90,83,6,75.72
97,58,3,60.46
99,66,1,33.82
95,60,5,67.1
83,81,8,93.49
71,59,8,81.53
97,71,7,82.68
91,66,2,47.68
80,53,2,45.37
70,97,1,47.66
88,96,4,66.48
90,74,3,67.98
73,70,6,77.6
88,86,3,64.53
95,87,8,82.14
98,98,1,44.16
90,50,5,70.85
80,74,6,74.03
77,85,3,60.19
80,66,5,69.26
73,90,6,77.94
86,73,3,58.07
96,51,7,83.96
76,89,8,92.93
77,64,0,27.74
72,81,6,83.24
91,88,8,85.98
71,55,9,86.82
92,50,4,63.78
84,96,1,47.37
93,72,9,89.46
91,88,5,75.99
91,66,6,84.17
74,83,1,37.67
93,90,1,36.27
70,78,9,87.44
95,58,9,90.28
73,62,0,15.18
84,55,3,58.09
89,55,6,71.51
88,69,8,82.54
72,52,2,53.04
89,66,6,74.08
80,98,6,84.69
86,61,6,74.06
99,97,1,37.61
96,96,5,66.63
82,94,1,30.37
80,50,5,76.28
71,66,9,87.75
78,52,2,42.69
95,75,1,44.49
71,64,5,65.69
90,85,1,37.0
78,81,4,64.9
78,81,1,36.27
77,53,2,50.37
86,67,2,55.36
70,98,5,68.03
94,68,5,76.88
98,92,9,93.64
80,84,2,43.29
77,89,2,55.07
79,63,0,12.45
94,82,6,80.39
76,63,7,78.55
72,83,1,41.96
72,53,3,54.53
87,73,9,91.07
74,78,6,73.8
81,68,7,84.51
81,55,0,28.85
88,82,3,50.35
99,98,5,76.14
75,89,2,55.22
71,68,4,61.17
81,50,9,85.0
88,54,8,87.66
74,76,2,41.2
81,65,4,67.46
96,55,7,81.37
96,89,5,72.14
86,62,3,61.5
98,97,7,82.88
86,84,2,40.38
79,68,2,59.48
94,61,3,54.25
92,65,8,86.25
86,92,4,62.22
84,59,7,82.0
81,74,5,65.75
99,69,2,43.87
85,80,7,77.06
93,53,8,83.29
88,93,7,75.71
77,72,3,54.17
90,51,5,74.15
86,71,0,19.22
92,86,3,52.51
74,57,7,82.26
91,56,0,16.22
85,63,2,56.44
75,52,0,19.81
77,99,8,90.81
94,65,1,38.72
87,68,8,89.47
94,67,3,53.79
81,65,1,49.62
84,57,3,50.64
96,82,9,93.05
95,98,5,71.1
78,61,6,75.35
82,60,2,51.24
95,54,2,45.29
84,76,9,88.3
79,61,7,80.11
85,66,4,72.17
76,55,3,63.48
86,82,6,72.87
92,54,6,82.84
95,77,8,81.49
90,63,8,93.88
91,54,4,66.31
95,82,7,82.02
76,99,9,88.2
83,97,0,25.45
84,90,8,88.38
90,68,7,79.77
76,71,5,69.75
78,54,2,42.6
88,51,2,49.93
85,79,7,78.12
77,96,4,71.48
87,88,9,88.83
96,53,6,83.24
92,82,4,74.32
98,62,7,77.85
87,69,9,91.3
99,56,9,89.42
89,64,3,58.03
76,72,1,37.13
72,63,2,48.15
87,72,7,82.31
96,68,6,74.45
79,78,1,42.28
76,69,5,74.61
86,78,8,83.75
83,73,3,61.23
93,67,8,83.09
72,59,1,36.23
81,90,1,49.81
97,57,8,82.04
82,75,6,82.35
71,78,6,75.37
72,59,0,13.37
74,66,5,71.55
80,51,6,71.49
77,55,5,66.39
95,54,5,78.74
92,77,1,38.9
92,90,5,76.68
81,54,3,62.74
76,67,8,86.37
84,75,0,25.35
93,69,7,77.77
86,90,4,72.74
73,98,0,24.99
98,76,3,69.45
91,98,0,20.79
94,61,5,65.85
82,56,1,42.68
87,52,4,74.27
70,59,6,81.37
85,83,1,32.53
82,74,5,72.88
79,84,5,66.25
81,65,4,68.52
99,51,4,62.48
71,73,2,53.98
92,59,9,91.29
72,87,9,86.47
79,71,1,44.66
71,75,6,78.95
99,92,0,27.32
96,88,5,77.56
92,76,5,74.2
82,78,2,58.08
82,96,1,35.38
87,87,1,38.97
72,69,8,82.03
96,76,4,74.03
76,90,6,74.12
83,69,4,73.03
89,93,6,73.79
98,68,3,51.37
99,69,7,82.15
86,84,9,94.7
98,96,9,92.3
99,51,6,84.63
90,79,9,87.5
81,83,4,72.97
94,71,5,67.59
85,52,4,70.4
93,55,6,82.94
81,64,1,47.66
84,76,4,69.37
94,59,9,92.24
79,58,2,56.1
99,82,8,86.24
94,81,5,65.31
76,97,9,90.75
89,55,2,45.49
74,90,6,82.15
70,85,3,58.36
99,51,2,57.58
86,78,7,78.84
72,53,3,54.92
82,50,0,12.64
83,68,5,65.47
93,75,9,86.09
99,74,0,21.91
87,59,4,60.22
73,64,6,71.92
87,71,5,72.61
99,97,1,49.41
74,70,3,59.53
94,71,1,38.49
85,85,0,18.99
70,83,2,56.67
90,79,2,58.58
83,74,6,81.33
84,94,0,18.45
78,77,8,82.23
84,50,5,76.02
86,98,3,68.41
94,94,2,49.17
93,53,2,55.37
73,56,1,46.7
81,98,1,31.07
96,58,9,86.78
95,85,4,71.22
74,68,8,89.85
98,50,1,46.95
74,59,1,42.59
80,85,5,66.81
97,58,9,85.41
75,94,1,39.77
76,95,3,64.48
93,91,5,68.32
83,81,4,61.37
93,81,0,15.05
80,55,5,69.91
99,97,0,17.45
82,87,2,51.83
71,66,9,93.09
94,59,4,63.9
76,99,9,90.52
89,76,4,68.27
73,99,9,88.17
96,84,5,68.27
77,70,9,86.26
89,74,7,82.71
98,77,4,66.78
91,96,0,12.16
90,64,4,60.24
88,53,2,46.21
82,78,3,63.24
83,58,7,76.43
79,76,6,73.22
80,75,4,72.36
71,68,1,47.8
94,77,5,70.87
95,66,5,73.39
78,92,9,89.84
86,90,9,90.25
95,91,5,75.27
72,99,8,91.78
93,69,7,77.05
75,94,7,81.86
74,89,0,15.03
74,88,4,73.18
91,98,6,84.66
84,72,5,79.46
92,96,4,70.23
86,81,7,80.6
78,96,2,59.89
72,82,5,78.96
89,95,4,68.12
95,54,7,77.04
86,92,3,58.82
98,97,7,84.03
96,83,9,92.02
79,89,1,46.91
72,60,8,88.24
87,99,8,90.2
87,52,9,94.7
99,82,9,89.35
86,60,5,73.55
93,65,3,63.42
72,67,3,50.65
72,79,5,76.01
75,97,4,74.41
82,59,5,79.26
93,67,6,70.78
98,87,6,75.28
84,68,8,94.08
94,85,7,77.76
78,62,5,66.25
73,95,5,65.08
83,52,4,61.8
74,59,0,15.44
71,87,8,89.58
80,50,8,85.46
78,76,8,86.74
93,95,7,79.21
72,57,9,89.06
96,95,2,40.77
97,91,0,24.41
98,66,7,77.02
78,58,6,76.43
72,55,4,71.07
94,92,9,88.7
71,74,6,82.36
81,88,9,93.27
79,98,3,61.72
78,77,8,92.91
84,82,9,86.56
77,86,1,35.94
94,58,8,81.96
74,67,8,84.89
80,70,4,61.93
96,51,0,10.97
71,92,6,81.49
93,87,9,88.44
97,89,9,92.25
84,85,3,61.08
75,99,8,88.66
77,92,5,65.45
96,86,2,43.25
74,64,5,73.45
85,77,9,85.16
95,67,5,76.44
87,83,4,65.73
75,71,1,45.83
74,60,9,87.89
97,62,9,91.41
85,53,1,31.99
82,71,6,75.62
97,56,1,46.46
74,92,5,70.51
82,73,4,68.78
86,53,3,56.93
87,77,6,78.48
77,64,7,78.88
82,50,3,54.03
99,52,0,23.02
98,63,0,14.43
88,87,0,11.64
95,99,0,16.02
72,50,4,71.06
93,87,3,66.15
77,87,8,90.15
71,70,2,57.85
77,97,6,82.53
96,78,7,79.92
82,54,5,73.18
82,98,9,86.86
70,59,0,14.49
75,77,7,77.95
93,70,9,88.03
88,99,2,41.21
85,56,7,82.69
77,52,3,51.08
97,94,7,78.94
70,96,0,21.04
96,69,2,57.74
96,68,5,72.75
85,84,8,91.45
78,53,1,43.51
82,54,0,17.15
80,50,9,89.86
82,53,2,54.3
94,61,3,51.39
90,76,4,60.06
79,91,2,40.73
73,72,9,89.22
96,74,1,31.76
75,70,1,43.66
97,73,6,70.27
76,74,8,84.77
74,94,9,86.06
80,95,1,41.61
82,81,6,82.03
95,81,6,84.2
94,54,6,70.48
88,85,2,48.59
92,95,6,70.68
79,91,0,29.32
79,98,9,94.38
80,91,0,29.27
90,88,4,63.91
99,65,1,41.89
76,82,8,82.19
87,98,6,75.17
73,70,3,58.81
71,58,3,55.05
83,55,1,35.82
82,94,4,68.07
98,84,3,64.91
81,88,0,18.87
76,71,7,82.3
71,90,2,55.09
82,54,5,66.42
83,91,3,62.68
96,72,8,94.32
86,66,6,71.32
78,61,8,81.15
86,72,9,85.44
77,65,2,51.66
71,52,0,25.9
97,79,4,67.99
93,71,2,58.72
82,58,5,69.82
72,78,7,77.07
85,96,3,65.45
75,86,4,69.56
88,72,4,64.56
99,62,3,56.49
76,81,3,64.81
79,95,3,67.25
78,96,3,56.91
71,97,3,56.8
97,72,4,68.11
97,94,1,35.33
84,66,1,45.25
99,89,8,81.44
74,70,1,35.14
98,51,5,65.29
91,86,1,38.93
73,55,4,62.85
89,93,3,68.0
73,67,6,77.19
87,79,6,80.93
73,71,5,66.66
96,82,9,92.5
86,79,4,62.8
81,66,0,10.27
91,92,2,57.35
86,81,8,87.42
79,91,0,20.96
91,63,4,68.65
70,59,1,43.9
91,96,3,51.0
95,85,0,24.87
93,83,2,46.65
96,58,9,85.71
87,91,6,78.5
87,77,9,89.67
83,60,2,41.69
84,63,3,57.0
98,88,1,31.59
81,96,2,58.89
73,68,8,92.29
96,64,2,50.35
72,77,4,70.28
89,73,1,41.89
98,57,3,52.37
81,92,6,72.95
76,58,6,79.82
98,96,2,41.49
80,82,4,61.81
70,82,0,14.34
75,68,9,86.75
84,52,9,86.41
84,59,9,86.26
88,89,0,11.22
80,96,4,61.84
95,91,9,89.53
92,50,8,91.62
95,78,0,13.12
71,99,0,18.84
83,83,3,50.58
71,62,3,52.26
98,50,1,41.79
73,83,8,94.07
86,78,8,82.12
72,97,1,43.68
82,96,8,85.64
78,62,5,77.18
76,97,7,78.77
84,98,9,90.15
92,78,3,58.62
98,88,1,37.4
98,73,1,38.98
80,75,8,84.23
89,66,0,20.13
71,56,6,80.27
84,62,2,56.33
83,54,2,57.37
89,75,1,36.6
91,98,9,86.33
80,52,5,77.44
96,56,9,94.79
72,98,1,46.16
86,88,9,87.58
99,50,3,63.74
81,98,9,89.59
93,66,8,92.91
97,92,8,87.33
98,74,5,77.03
90,52,3,55.79
84,64,6,83.99
85,78,0,17.62
74,92,3,66.99
96,81,4,68.48
89,75,7,75.08
75,65,1,32.61
88,74,4,64.05
94,77,5,75.9
74,58,4,65.89
72,50,8,80.4
96,78,9,87.16
70,71,0,18.8
95,65,2,52.79
97,90,1,49.26
75,93,2,48.95
84,90,9,89.94
71,56,8,90.62
98,63,8,85.83
72,78,9,92.56
86,68,1,42.7
94,68,2,53.24
93,51,3,58.75
81,90,8,87.97
87,94,2,54.13
84,64,6,72.2
81,52,2,57.86
85,60,6,80.39
96,95,6,83.67
77,79,8,93.41
97,89,1,47.74
83,67,5,76.9
94,97,8,83.85
86,51,1,38.52
98,81,1,36.65
90,57,4,66.01
77,71,9,90.21
84,55,9,87.86
96,61,9,87.48
83,96,7,82.59
87,89,8,83.6
89,85,1,48.01
76,64,4,62.68
72,77,6,77.52
98,98,5,75.06
81,94,5,75.05
90,67,6,75.43
93,51,2,59.12
97,62,2,50.29
95,94,9,92.59
72,64,8,83.95
89,69,7,81.26
83,78,4,60.02
84,91,5,75.01
94,78,9,86.18
99,52,0,19.4
83,68,9,88.7
76,52,0,25.39
86,63,3,69.36
99,89,1,31.98
81,53,6,72.56
89,60,1,32.34
73,80,9,86.51
78,92,1,35.99
75,81,4,72.8
85,76,3,69.08
94,79,7,83.18
97,92,3,65.47
91,51,5,72.71
91,98,4,70.73
90,58,1,49.2
90,77,7,79.56
71,80,1,42.66
93,83,8,85.07
77,64,8,81.61
80,97,2,55.97
82,74,3,68.65
86,85,7,83.0
77,57,8,90.46
90,58,2,59.29
87,86,4,70.36
99,97,7,81.48
87,94,2,43.02
83,88,6,83.0
84,81,7,75.04
75,66,9,87.58
80,84,2,40.37
82,86,1,41.08
94,68,9,86.53
70,93,6,75.91
97,78,8,83.11
75,56,0,12.1
78,77,2,57.38
77,58,4,68.2
80,77,2,43.91
91,55,0,25.38
88,78,6,83.87
93,66,6,82.72
78,65,9,93.87
86,72,7,77.54
81,80,4,70.51
94,52,9,92.32
83,70,4,74.04
84,75,4,69.99
85,85,0,23.77
91,91,9,90.61
91,86,4,63.98
97,71,5,70.45
89,91,0,24.83
70,61,6,75.65
79,91,0,24.69
77,62,1,44.11
87,60,1,38.35
97,65,4,68.56
70,57,9,87.24
71,89,6,78.61
70,89,0,19.41
70,94,9,90.1
78,51,0,14.23
82,79,0,20.73
99,79,5,75.95
70,61,1,45.16
82,59,0,29.16
89,93,5,69.48
95,60,1,37.86
91,64,5,73.14
76,65,9,90.21
71,66,7,79.94
75,75,1,46.53
76,51,8,93.89
95,99,7,81.19
83,61,9,90.9
95,75,0,21.77
87,72,6,70.41
84,67,9,85.6
71,81,5,71.5
79,98,5,69.15
92,87,5,79.62
81,96,5,68.88
86,52,9,94.73
77,87,6,73.95
80,52,2,40.85
98,79,5,69.64
72,50,2,43.2
96,79,6,80.65
75,94,6,80.17
78,81,7,75.66
75,77,1,35.35
78,70,8,83.24
76,95,4,66.63
78,62,8,83.83
87,76,9,89.65
81,85,4,68.35
77,56,6,75.3
77,71,8,84.46
87,59,3,64.14
97,88,1,35.55
99,64,8,91.53
89,64,1,40.45
99,53,2,47.68
84,81,9,94.27
96,72,1,38.62
76,55,2,44.39
80,73,5,67.42
89,69,2,46.11
85,86,9,85.1
73,69,7,82.05
75,61,5,77.34
95,82,6,82.13
91,77,0,10.22
95,57,2,59.51
72,50,2,54.09
78,86,1,42.96
97,71,6,73.54
79,55,8,86.41
83,70,3,67.91
80,81,4,67.76
87,84,2,54.24
91,64,8,92.29
81,54,3,54.73
92,95,4,72.88
81,99,0,11.19
82,97,1,37.29
94,55,8,91.77
82,74,1,34.61
88,95,4,69.78
95,89,7,80.44
88,78,2,41.89
92,56,5,73.8
83,89,3,56.91
73,62,6,76.92
82,87,9,87.48
77,67,2,54.64
98,51,5,74.2
92,57,9,86.04
90,60,8,93.94
92,82,9,92.7
88,87,0,29.86
81,97,2,54.79
87,76,1,39.4
75,69,7,80.26
87,61,6,77.09
88,92,1,41.22
91,80,5,77.31
74,76,2,53.19
93,81,7,77.92
78,59,9,88.2
96,52,2,44.57
72,94,9,93.4
97,76,8,91.35
79,84,0,11.44
88,80,4,62.83
72,64,2,48.46
98,65,5,70.14
98,62,9,93.32
91,98,1,32.85
84,84,8,80.78
70,60,5,67.9
76,70,6,75.11
81,60,4,60.95
86,79,8,92.56
99,97,0,10.92
90,84,4,66.37
95,71,9,91.68
98,87,5,67.98
93,80,6,84.32
89,63,3,65.06
74,73,0,17.06
73,99,7,80.95
97,98,9,91.66
81,81,3,58.49
99,85,2,56.93
89,81,6,80.45
97,64,1,41.13
93,92,7,75.27
87,84,5,75.99
86,52,6,78.09
88,65,4,60.23
78,54,8,94.07
73,70,4,64.77
95,59,4,65.52
90,68,2,53.4
71,74,0,29.39
73,53,1,36.39
71,78,7,75.65
84,68,0,16.37
71,92,6,77.66
73,51,4,65.63
75,59,2,54.66
76,92,6,72.39
79,74,8,94.91
88,69,1,37.85
88,97,7,82.34
95,68,8,81.88
91,72,2,51.75
98,73,1,35.59
81,60,6,75.58
72,95,4,74.69
82,83,4,64.56
87,77,9,92.0
77,54,4,63.98
90,54,3,66.75
84,70,4,61.94
70,61,3,67.55
72,99,5,74.21
95,53,3,55.99
77,98,1,48.63
73,91,8,89.2
85,69,1,43.67
99,87,8,82.99
92,74,9,91.74
79,63,5,68.1
81,60,8,83.94
83,81,8,91.18
83,60,2,48.99
71,67,0,18.2
92,76,0,22.68
74,67,2,55.18
74,72,4,67.67
75,60,2,41.36
82,70,8,94.67
78,93,8,88.92
99,54,2,53.46
91,72,2,59.94
97,90,4,62.31
98,74,1,35.25
84,90,5,67.18
83,59,6,80.09
93,71,8,92.76
76,68,5,66.81
94,50,2,55.6
89,56,4,69.24
71,53,3,66.47
76,50,4,62.33
75,64,7,78.22
86,89,7,78.47
96,61,5,74.42
94,71,0,10.48
94,71,7,77.08
97,99,7,79.46
71,96,1,42.9
72,66,3,53.09
74,78,1,46.97
74,95,3,56.68
70,63,9,88.87
77,99,6,83.87
81,69,8,80.13
93,99,7,75.52
73,97,8,80.55
82,82,7,78.0
92,92,1,38.03
84,64,6,82.25
80,61,1,46.6
79,89,1,33.09
72,69,3,60.36
91,79,0,27.96
83,87,4,68.65
85,52,5,65.0
79,77,8,88.95
98,75,9,91.83
79,79,7,80.27
81,62,1,46.46
99,62,0,20.39
78,51,1,40.81
70,86,6,74.51
74,98,3,54.53
89,87,9,93.97
77,51,4,72.39
80,85,6,76.51
81,75,2,45.81
70,60,9,88.33
94,57,1,34.46
91,93,6,71.24
89,89,4,60.64
97,92,0,19.34
94,71,0,27.21
80,69,8,85.83
74,57,4,66.3
84,78,0,29.06
74,89,6,71.53
81,75,8,93.35
74,79,0,18.47
86,66,9,94.45
86,69,3,61.59
93,65,2,45.56
81,95,4,66.92
93,92,6,77.05
97,56,7,79.66
84,65,1,38.14
84,94,6,77.95
75,96,0,13.45
81,97,6,73.96
96,76,7,85.0
98,72,1,49.76
89,73,8,84.53
87,58,0,26.31
83,84,5,65.27
71,69,0,18.07
78,86,2,53.34
74,91,5,70.84
89,66,2,57.92
95,96,7,78.89
98,80,4,71.87
70,57,1,45.67
92,64,3,61.57
72,80,8,86.48
75,79,3,54.14
74,95,9,85.14
90,69,9,88.49
96,88,7,78.87
74,61,4,67.02
70,98,9,86.32
86,66,0,28.71
88,91,6,79.64
83,79,2,51.56
81,78,9,86.27
79,68,7,80.04
89,95,2,50.55
90,60,0,29.0
87,83,4,68.51
93,99,1,41.5
96,56,3,65.91
80,93,0,12.3
99,83,8,87.92
71,69,5,75.37
94,99,7,76.9
87,87,3,62.63
98,73,8,84.1
94,59,1,32.3
76,81,8,93.63
93,64,4,71.87
84,86,5,75.43
80,69,2,43.21
87,52,3,56.36
92,86,5,71.45
81,89,6,80.55
75,57,0,29.13
89,89,6,74.49
92,93,0,17.37
99,72,4,68.4
82,89,5,75.37
89,60,1,38.36
85,95,9,93.15
87,57,8,86.97
79,78,9,94.18
97,79,5,72.82
92,59,6,81.38
77,88,9,92.78
87,77,7,83.76
90,98,9,94.77
70,85,0,22.93
92,62,7,80.72
77,81,3,54.64
98,85,9,87.16
75,86,7,76.92
74,75,5,79.65
84,71,8,86.36
91,53,3,67.58
84,80,1,35.26
71,67,1,31.42
70,87,4,65.37
92,73,9,86.41
92,72,8,92.75
95,71,2,54.31
80,51,7,82.93
79,80,3,66.71
99,60,5,67.44
87,77,9,90.21
87,95,5,74.01
86,81,2,54.05
95,54,4,61.29
77,87,2,59.34
84,59,0,10.7
77,89,6,73.08
86,95,3,54.6
81,73,6,78.16
96,84,2,46.0
77,93,4,70.95
94,97,4,73.07
83,72,1,40.84
73,66,9,93.29
70,50,1,47.78
70,80,3,50.71
88,80,3,66.09
85,91,3,62.31
83,91,5,72.37
90,83,1,43.51
85,58,5,67.92
74,71,6,82.06
78,62,9,85.4
95,74,2,55.13
99,97,7,75.34
97,67,1,34.99
71,61,7,84.83
87,89,4,74.55
75,66,1,41.47
78,64,6,78.06
70,91,1,48.86
78,64,5,76.25
94,64,9,94.96
85,88,2,48.68
82,62,8,84.68
78,66,2,51.17
90,81,2,56.33
82,58,4,73.9
78,89,6,83.62
80,69,7,83.65
73,75,6,70.88
71,76,8,92.26
98,70,4,71.96
75,67,9,91.02
83,62,2,44.44
73,65,5,69.13
75,58,4,69.65
88,61,3,52.02
75,93,1,44.46
71,87,6,78.82
87,68,4,71.72
82,56,3,61.75
78,84,7,80.8
92,97,8,81.83
88,67,8,82.74
82,65,2,46.86
80,88,2,55.47
70,53,4,66.48
93,74,4,68.92
99,81,9,94.79
91,89,1,43.79
76,62,0,27.78
94,94,7,76.11
90,66,2,51.41
84,98,0,22.83
70,86,0,22.87
81,55,1,49.36
95,68,5,70.73
76,62,5,70.62
84,75,2,41.85
90,63,3,59.04
88,80,1,45.98
97,53,1,32.73
98,88,6,78.43
94,57,0,28.04
70,74,6,79.91
86,62,0,20.17
86,81,5,68.66
72,87,2,48.6
81,87,7,77.15
75,77,5,71.46
95,79,1,36.95
80,52,7,77.79
72,77,4,65.23
77,52,7,77.41
83,94,7,79.98
83,83,5,72.1
79,65,1,49.3
71,71,7,84.45
83,81,5,76.16
78,87,5,76.48
72,57,7,79.44
90,57,0,18.21
95,55,1,39.79
77,63,8,94.26
85,81,7,81.62
71,84,6,82.5
75,59,6,80.89
97,52,4,64.9
90,61,1,32.23
98,98,5,67.38
95,80,9,88.65
94,78,2,51.73
81,54,3,65.49
74,74,9,89.58
71,90,1,39.17
85,80,1,43.94
74,70,7,81.89
84,69,7,83.72
81,88,9,92.52
73,71,5,73.89
84,53,4,71.35
80,62,7,75.34
85,94,3,54.18
92,91,3,59.06
75,99,4,66.81
83,98,0,27.32
87,69,0,24.85
81,62,1,49.95
96,66,7,79.04
80,85,6,81.85
82,82,9,92.93
90,50,8,92.64
92,64,4,63.18
80,62,1,36.48
92,66,6,74.33
85,73,7,82.85
84,57,6,75.81
90,99,6,79.4
97,76,4,63.03
84,94,1,40.28
94,72,5,78.44
73,95,3,53.12
80,57,9,87.33
88,57,1,47.59
84,75,8,85.82
73,96,6,78.3
90,62,5,66.63
82,88,4,72.89
91,86,2,58.19
88,98,9,94.3
71,77,9,93.67
83,74,3,69.15
98,65,2,43.77
73,51,7,83.15
85,67,2,56.12
90,66,6,84.42
89,79,6,72.8
83,88,6,75.27
96,62,6,78.59
98,81,1,37.11
84,99,9,85.18
97,78,2,42.61
72,95,9,86.29
77,79,8,89.58
85,67,2,44.84
79,62,1,32.19
73,92,8,94.14
99,70,9,89.96
87,79,8,83.18
71,70,3,65.57
86,97,8,80.89
82,66,2,44.87
73,89,6,83.02
95,68,6,83.94
94,64,7,84.27
99,58,9,89.61
80,59,3,64.73
76,93,2,57.55
81,80,2,43.98
79,72,4,70.17
76,79,0,28.98
82,82,9,92.08
76,58,2,55.74
93,96,5,72.09
86,50,2,49.24
79,93,4,68.19
98,84,8,88.06
79,60,1,48.98
93,83,1,39.77
73,65,5,76.26
89,58,5,74.17
73,81,7,82.03
91,64,1,40.06
76,61,8,82.14
91,82,1,42.42
70,94,0,28.8
81,63,9,85.9
93,57,1,30.07
82,57,6,75.04
79,76,7,77.45
84,61,4,66.01
96,50,5,66.51
82,92,0,17.65
92,89,5,70.95
91,91,7,80.06
91,60,2,59.98
90,88,0,18.94
91,92,3,63.8
97,80,0,15.12
78,66,7,75.32
95,82,4,66.46
78,81,0,23.21
84,78,7,81.47
79,70,8,82.81
93,70,9,91.45
95,89,1,48.62
94,72,8,93.37
98,55,7,80.54
79,71,6,71.01
77,99,2,56.78
93,87,1,37.23
85,86,6,76.32
86,94,4,60.86
95,57,5,72.61
96,90,3,58.47
74,98,1,37.94
73,84,8,80.11
87,60,2,54.79
93,73,6,75.92
88,98,7,81.67
73,70,1,33.48
97,51,5,79.94
76,89,7,84.3
79,68,6,84.8
94,88,2,57.41
87,77,0,17.29
88,66,5,67.68
73,55,7,81.87
79,68,5,79.74
70,87,4,66.82
92,77,7,78.2
87,51,1,37.56
74,87,0,25.72
84,86,0,12.43
86,53,3,68.47
72,71,5,70.64
81,75,8,92.25
71,98,0,12.33
70,92,0,14.09
92,85,4,71.93
90,62,9,91.16
86,81,4,65.82
91,66,4,65.75
85,90,9,87.34
74,85,5,68.0
84,95,7,76.99
72,68,2,52.68
97,84,8,87.75
76,95,0,11.69
80,89,3,51.46
79,77,8,88.39
78,50,7,83.55
83,91,9,90.42
82,67,8,90.08
98,97,0,22.4
94,89,8,86.47
99,82,2,56.87
94,61,9,87.22
71,57,8,81.73
72,73,0,12.95
76,65,0,13.2
90,99,8,81.54
87,53,5,71.21
72,87,3,66.07
79,93,6,76.47
91,76,4,60.24
98,58,9,86.47
76,96,6,74.59
78,65,7,76.94
86,61,7,76.62
80,80,0,10.28
76,73,7,77.07
93,63,5,74.21
97,94,3,54.3
83,74,7,80.09
88,83,2,45.22
73,52,3,56.48
95,73,5,68.2
75,91,6,75.48
79,58,3,60.39
76,75,3,65.65
82,69,6,75.95
83,89,5,69.37
73,59,7,76.24
77,68,0,25.64
74,52,9,90.73
70,73,6,82.32
73,54,6,71.22
72,52,6,74.75
78,76,6,84.49
77,65,9,94.77
70,98,9,87.37
96,64,7,84.38
75,84,8,91.32
78,61,8,83.32
76,90,1,46.08
73,93,6,72.3
82,75,6,81.14
86,96,3,66.77
97,83,8,80.42
71,72,7,84.66
97,80,0,26.25
74,99,1,46.0
81,69,1,48.72
96,61,7,84.74
90,72,0,13.24
77,53,3,61.67
75,72,9,88.55
77,97,4,66.87
87,97,8,94.69
72,50,6,75.35
91,74,7,75.39
81,51,8,94.71
98,79,6,78.73
95,52,4,60.38
72,70,4,68.56
91,74,9,87.57
75,69,5,77.82
71,98,4,67.6
92,71,8,85.67
81,70,2,41.95
71,82,2,52.32
75,87,6,71.49
86,64,6,74.6
72,95,5,79.99
71,64,2,48.69
92,95,6,77.51
99,74,4,72.6
89,70,6,73.48
77,73,1,38.06
91,54,5,69.77
81,55,7,84.46
95,98,0,24.79
73,92,3,58.06
74,97,0,18.67
82,93,0,14.79
98,96,9,87.66
84,72,7,84.97
94,53,6,78.13
92,76,9,89.04
85,67,0,22.43
79,70,1,44.17
99,77,3,68.93
99,84,0,13.57
94,71,2,48.53
92,89,7,84.42
85,72,7,81.71
81,52,7,82.01
86,89,5,67.23
85,99,5,76.9
81,59,4,68.73
77,74,8,80.38
89,98,3,54.93
72,57,9,92.02
85,60,6,73.3
99,54,0,25.14
82,94,8,90.91
92,86,6,79.75
97,94,9,85.39
88,87,8,92.47
77,78,6,83.57
91,54,1,40.14
74,58,5,74.01
89,97,9,94.57
77,51,3,66.06
93,50,2,50.53
81,89,1,46.08
70,79,5,66.51
94,60,7,76.22
99,77,5,79.2
90,93,8,81.88
89,61,4,64.85
75,88,1,44.25
91,75,7,83.74
87,62,8,82.03
77,57,9,85.46
76,77,3,62.24
70,79,5,66.17
90,58,9,93.81
85,88,7,75.6
81,80,8,92.33
75,70,4,67.74
89,96,5,74.38
71,83,3,57.54
98,80,4,70.5
83,74,6,71.28
73,61,8,93.83
70,50,9,93.94
92,71,5,71.36
87,89,5,73.35
82,86,7,78.18
71,96,3,50.03
78,50,2,47.23
90,50,6,73.25
71,91,4,61.41
96,91,1,37.36
94,70,1,36.73
78,64,5,68.2
70,66,7,84.91
80,71,0,10.95
72,87,5,75.32
89,84,1,35.05
99,94,1,41.53
92,65,6,82.67
95,57,9,90.24
73,96,0,29.18
87,66,5,79.4
92,66,6,79.47
75,75,7,79.22
72,62,6,71.18
91,66,5,71.88
80,87,8,91.86
84,66,2,52.52
91,97,5,72.84
97,63,3,58.93
74,94,1,49.28
89,55,0,11.44
79,84,0,21.59
81,95,9,86.37
84,63,2,40.61
86,96,3,55.53
79,57,1,34.0
75,64,0,28.04
87,76,3,52.09
82,62,6,77.3
72,98,9,90.65
99,80,5,68.6
93,84,5,78.38
79,55,8,83.01
99,54,1,31.91
83,71,3,51.5
75,98,4,69.32
72,72,0,10.24
85,74,7,76.31
76,83,7,84.69
89,75,5,79.57
83,96,4,73.75
78,54,7,84.84
84,75,2,59.4
90,69,2,58.49
72,55,1,32.39
71,55,4,64.49
96,99,2,58.71
71,67,2,47.3
72,53,5,76.79
87,66,7,76.87
83,63,1,45.66
89,63,3,56.95
87,62,6,73.15
79,56,0,19.97
94,93,0,17.0
71,64,9,91.29
94,68,6,72.99
98,92,6,84.11
91,96,0,21.61
70,93,0,14.51
73,84,3,62.3
83,66,4,69.4
70,84,4,72.32
83,68,3,66.75
85,69,7,83.65
91,85,6,81.42
83,84,8,86.17
98,81,6,80.44
89,97,9,93.58
72,93,0,11.3
72,89,6,73.58
78,73,0,22.52
75,66,6,71.78
94,56,9,90.51
82,92,7,78.9
90,99,8,89.01
71,50,2,50.64
77,84,3,53.67
90,81,3,58.49
71,85,8,82.4
73,62,6,83.06
94,55,2,59.08
84,63,9,89.11
73,86,4,67.68
82,97,6,70.09
97,64,7,78.81
81,96,0,18.34
97,53,1,37.0
82,89,6,75.82
83,65,1,34.49
89,77,6,74.16
87,65,8,83.16
98,53,1,37.06
97,94,6,78.56
75,75,3,57.84
98,77,1,42.91
80,81,6,73.76
99,94,4,70.77
71,51,0,22.45
97,80,4,64.67
92,52,2,58.05
88,57,6,74.67
88,73,5,73.14
74,64,7,77.63
88,92,4,64.59
71,80,1,40.94
79,58,8,84.24
94,88,7,75.45
71,94,5,79.35
99,51,9,93.38
80,57,6,82.75
87,56,8,87.64
98,93,6,79.05
93,88,2,55.8
84,91,5,67.31
78,65,6,72.19
92,84,1,44.87
88,79,2,48.15
78,59,3,60.27
72,87,9,94.81
90,67,5,72.18
78,99,0,14.21
97,54,8,87.66
99,78,4,70.01
83,88,6,80.9
88,83,8,92.21
76,92,8,91.3
85,94,0,16.77
85,72,0,21.23
97,54,2,51.29
70,79,5,73.06
73,55,1,36.78
73,95,9,91.45
76,93,0,21.86
77,53,0,17.45
86,78,4,70.58
74,72,3,66.19
76,55,0,15.6
97,81,3,61.07
89,91,2,55.86
98,67,1,39.04
89,64,8,93.71
73,89,0,15.47
97,81,6,73.11
75,58,3,66.93
76,86,4,74.06
87,59,9,93.74
74,69,4,63.37
89,55,0,13.49
99,97,5,72.38
98,52,8,92.49
72,91,1,32.04
76,60,6,76.5
96,92,5,77.04
97,66,4,67.02
91,81,3,60.37
83,53,3,62.08
76,53,5,75.06
74,66,3,58.75
98,90,4,63.76
91,68,5,66.9
74,54,4,61.2
99,81,6,79.7
92,71,8,83.81
71,55,9,90.99
99,84,6,74.08
96,71,6,75.76
90,50,3,66.46
91,69,0,16.51
75,71,7,77.68
84,97,3,68.48
90,60,0,13.99
79,62,4,66.05
92,91,7,75.54
95,52,3,62.78
93,58,7,84.24
76,61,7,81.62
74,72,2,45.46
70,63,8,84.97
82,82,2,52.53
90,67,0,22.68
95,98,1,31.46
87,90,5,70.2
82,58,9,91.9
90,72,1,39.25
90,59,5,70.09
87,68,0,21.38
74,96,0,17.65
82,54,4,65.61
73,96,9,91.88
86,72,8,87.51
72,79,7,83.87
86,74,2,56.56
97,77,2,54.15
80,83,0,16.52
90,94,2,49.59
89,97,0,14.75
92,96,7,82.17
90,74,0,20.71
95,59,4,64.06
99,63,8,80.21
73,91,6,81.01
71,95,3,66.42
89,79,8,93.56
85,90,8,80.67
97,74,1,36.03
87,63,9,92.05
77,84,9,88.21
72,97,5,73.48
78,83,3,51.18
98,59,7,76.31
89,84,6,84.07
98,60,6,77.94
75,60,9,90.76
79,70,8,84.84
90,70,4,64.45
79,71,5,69.37
82,94,0,28.38
86,56,5,66.76
78,66,1,42.26
86,51,5,74.81
93,61,8,88.54
78,91,7,84.41
78,67,8,87.77
70,60,9,90.94
71,65,7,84.0
97,98,2,51.69
85,67,7,78.48
98,84,5,77.77
70,75,5,78.97
79,65,5,79.59
87,55,2,59.77
95,93,9,88.15
97,92,0,23.71
77,96,3,68.12
90,96,9,88.5
97,97,5,76.72
80,91,9,92.62
92,61,1,30.86
71,62,6,70.15
77,53,6,75.08
96,88,3,53.78
91,51,3,55.13
77,75,0,24.89
86,76,1,32.44
84,76,8,89.82
86,64,9,90.83
